{"env_name": "InvertedPendulum-v4", "exp_name": "pendulum_na_discount_0.95_gae_0.98", "n_iter": 200, "use_reward_to_go": true, "use_baseline": false, "baseline_learning_rate": 0.005, "baseline_gradient_steps": 5, "gae_lambda": 0.98, "normalize_advantages": true, "batch_size": 500, "eval_batch_size": 1000, "discount": 0.95, "learning_rate": 0.005, "n_layers": 2, "layer_size": 64, "ep_len": null, "seed": 1, "no_gpu": false, "which_gpu": 0, "video_log_freq": -1, "scalar_log_freq": 1, "save_dir": "exp\\InvertedPendulum-v4_pendulum_na_discount_0.95_gae_0.98_sd1_20260219_202425"}